rating_score,num_ratings,num_reviews,current_readers,want_to_read,price,top_rank
4.45,1017,74,7,512,3.49,1
3.97,135900,3669,4667,44000,9.99,0
4.25,49387,957,432,5769,7.99,1
3.94,15281,1723,2534,30900,8.99,0
3.65,174498,3497,2845,82700,13.99,0
4.04,19706,1911,1628,25400,12.99,2
4.34,3113486,96563,45200,1000000,13.99,1
3.76,33708,1159,839,29400,15.99,0
3.29,31215,1787,432,20900,13.99,0
4.12,38515,1166,3292,90500,11.99,1
3.9,205747,7429,3755,126000,12.99,0
4.19,32881,1204,913,7067,8.99,1
4.28,70621,1617,1333,12400,8.49,1
3.99,892643,58347,17000,516000,12.99,0
4.25,917136,37042,13200,273000,9.99,1
3.84,188665,8379,2944,121000,8.99,0
3.9,266885,9499,16600,279000,13.99,0
4.21,241176,15061,14100,243000,9.99,1
3.85,963120,56284,20900,497000,9.99,0
4.39,31572,1382,1214,7550,9.99,1
3.49,87693,10371,8538,73700,8.04,0
4.02,10719,1060,432,12500,8.54,3
4.21,17219,165,722,44500,25.99,1
3.99,4578,230,92,18200,9.95,0
3.66,83544,2674,1274,32700,9.99,0
3.85,167631,7748,1904,82400,7.99,0
3.92,298025,16972,12100,222000,11.99,0
3.99,55519,5740,1556,19800,4.99,0
4.32,28953,996,294,3430,7.99,1
4.13,22305,2672,729,9879,13.99,1
4.2,106257,5193,1233,60400,9.99,1
3.78,4517,184,267,1342,8.99,0
4.23,1152519,101561,34500,574000,11.99,1
4.14,38780,2505,562,10600,11.99,1
4.4,74605,3381,1808,12100,8.99,1
4.05,72968,5565,963,81200,10.99,1
4.06,18333,1007,156,10400,2.99,1
4.22,527107,24086,10000,249000,10.99,1
4.33,82683,4975,1700,30400,8.99,1
4.28,160909,6691,2497,84700,7.99,1
4.07,70571,6275,1305,123000,11.99,1
4.07,25830,1624,791,21200,8.99,1
4.22,207260,16975,17800,114000,0.01,1
4.23,66979,4108,899,28900,9.99,1
4.26,92118,4444,1759,29200,8.99,1
4.23,260673,19283,7814,134000,9.99,1
4.26,25254,4882,615,70500,8.99,1
3.72,31416,4940,1025,44400,6.99,0
4.51,81189,9911,1372,77600,7.99,1
3.96,60238,6754,7962,120000,7.99,0
4.34,159897,2920,3136,205000,13.99,1
4.28,264093,14541,14200,263000,13.99,1
4.13,205867,7530,6595,149000,13.99,1
3.9,131385,5175,1621,66900,9.99,0
4.4,21847,1405,823,23200,13.99,1
3.93,31537,1479,2909,14400,14.99,0
4,119828,5929,3116,4158,6.99,0
3.94,12211,123,86,1471,9.99,0
3.93,14331,709,239,5219,6.99,0
3.92,17021,716,318,12400,13.99,0
3.8,23370,900,346,11900,9.59,0
3.91,2197,185,137,922,11.97,0
4.03,5751,621,134,9704,6.99,2
4.19,49098,1902,1321,16700,8.99,1
4.04,10882,731,2419,8271,13.99,2
3.66,56831,3216,781,40000,13.99,0
4.13,39652,1825,1476,16400,3.99,1
3.78,40568,1960,514,11000,9.99,0
3.96,5092,406,255,3872,8.99,0
4.11,2156,70,80,1865,9.99,1
3.9,323254,13759,18300,294000,8.99,0
4.24,97593,2453,911,15700,9.99,1
3.71,23287,787,172,6592,7.99,0
3.71,21030,1436,727,24000,14.99,0
4.04,20405,990,1110,9699,8.49,2
4.12,16145,555,702,4974,8.99,1
3.63,1966,173,775,2590,2.99,0
4.27,28050,1668,681,7507,6.99,1
3.78,37095,3410,1872,41000,11.99,0
3.77,388484,18140,7831,72700,8.99,0
4.17,6722,334,1048,1964,1.99,1
4.08,6210,291,864,1879,11.99,1
4.09,39368,1279,2220,60900,9.99,1
4.08,9667,650,1373,14800,13.99,1
3.99,33668,1759,1124,8365,3.99,0
4.2,79579,1419,2379,18300,9.99,1
4.02,15614,672,901,4574,12.99,3
4.11,178987,1392,1421,36700,7.99,1
4.08,13830,578,597,2850,9.99,1
4.2,17638,649,191,5160,12.99,1
3.93,14152,568,93,6103,12.99,0
3.7,18918,1410,933,15500,12.99,0
3.84,1756,146,26,1202,6.99,0
3.88,26107,1817,671,10600,11.99,0
3.84,4319,212,271,709,11.99,0
4.14,37873,1358,387,23300,7.99,1
4.1,115545,1991,2018,33900,9.99,1
4.15,7135,269,293,1176,3.99,1
4.1,26320,3609,1581,44000,9.99,1
4.16,50143,5233,35,460,11.99,1
4.02,15167,432,1610,5632,2.99,3
3.81,52685,2682,2232,25600,9.99,0
3.74,4975,459,293,4626,11.99,0
4,27804,1466,2645,14200,9.99,0
4.03,6893,248,462,1126,6.99,2
4.06,11602,277,392,4445,2.99,1
3.98,56748,486,382,12100,8.99,0
3.89,5153,282,565,1299,1.99,0
3.93,12561,479,751,3164,9.99,0
3.51,4304,399,97,1680,7.99,0
4.24,248603,4185,3756,137000,8.54,1
3.79,990,62,260,298,8.99,0
3.79,30868,1855,523,10900,10.99,0
4.03,2764,111,19,603,9.99,2
3.79,7603,940,720,17000,4.99,0
3.99,5036,186,205,7341,14.99,0
4.29,5211,603,446,1718,7.99,1
3.4,5936,305,53,1456,11.99,0
3.9,120,19,10,125,11.99,0
4.18,27204,1280,1052,13200,9.99,1
4.05,7440,485,272,6189,12.99,1
3.72,46893,1973,948,41800,11.99,0
4.11,23564,2043,637,28300,11.99,1
3.91,139,16,17,233,11.99,0
4,155917,7810,4882,48100,7.99,0
4.12,68943,1178,969,12500,8.99,1
3.6,9715,436,453,11300,11.99,0
4.16,86916,2494,3620,49100,8.99,1
3.73,21073,1049,761,18200,11.99,0
4.11,9004,947,91,7204,6.99,1
4.03,48885,2383,2423,28300,12.99,2
4.06,42364,365,157,4859,9.59,1
3.97,9163,335,258,1893,7.99,0
4.13,5609,318,971,1881,12.99,1
4.08,5582,308,353,1142,8.99,1
3.97,6213,249,391,1052,6.99,0
3.93,5783,106,27,680,6.49,0
4.38,11450,462,451,12000,16.99,1
4.18,24076,1019,1074,8483,9.99,1
4.01,43675,1209,1233,24900,8.99,0
4.24,28157,2350,1624,27500,3.99,1
4.09,14760,362,255,4927,5.99,1
4.03,59537,2744,940,37500,8.99,2
4.22,39683,767,771,8413,7.99,1
4.25,22913,792,293,8491,5.99,1
4.19,22709,1667,1386,16300,11.99,1
4.2,131240,2825,7150,111000,11.49,1
3.83,5943,726,153,5022,9.99,0
4.12,55691,1456,2259,13000,7.99,1
3.65,381,25,20,485,10.99,0
3.91,98574,3152,2584,22000,6.49,0
4.17,59948,1242,775,,8.49,1
4.34,205347,7010,5639,80500,9.99,1
4.26,248322,12367,16000,246000,3.99,1
3.96,66888,7020,3316,83600,9.99,0
4.11,5602,293,354,889,8.99,1
3.98,10716,454,497,2639,12.99,0
4.36,3193,394,516,9334,25.99,1
4.19,18016,710,360,2659,6.99,1
4.03,23245,1000,1404,5540,10.99,2
4.1,46286,358,137,5136,9.59,1
4.13,138691,993,1668,16900,7.99,1
3.94,7274,295,277,730,7.99,0
3.84,17587,1283,458,15300,1.99,0
4.08,14238,662,821,16000,12.99,1
4.26,313416,10062,14400,62600,9.99,1
3.95,109022,2190,2374,57400,11.99,0
4.14,310120,18544,10500,181000,14.99,1
4.13,26417,860,1024,4753,10.99,1
4.02,49359,3045,1190,24500,9.99,3
4.17,47429,2201,1920,19500,9.99,1
4.03,18128,1284,666,12300,3.99,2
4.18,34524,1121,869,21100,10.99,1
3.74,18737,1141,560,14100,9.99,0
4.18,8092,516,248,3719,13.99,1
4.1,116828,4933,7506,82300,9.99,1
3.94,8200,353,73,2139,9.99,0
3.92,12090,1039,1220,16100,11.99,0
3.87,26663,1998,1273,22000,12.99,0
4.05,11637,391,1057,2040,11.49,1
3.97,28203,1143,2760,4938,9.99,0
3.88,3651,260,42,2706,4.99,0
4.17,23951,1589,621,14000,11.99,1
4.06,20904,419,38,5186,5.99,1
3.46,21978,1246,892,16800,9.99,0
3.98,8449,344,230,2039,7.99,0
3.96,23483,886,720,11600,14.99,0
3.95,5960,453,225,2652,2.99,0
3.71,10492,565,282,7771,7.99,0
4.18,7923,395,653,2051,10.99,1
4.11,69543,1936,3163,114000,1.99,1
4.03,84086,2689,1836,37300,13.99,2
4.16,90914,4461,6274,40600,14.99,1
4.29,28837,1278,579,5634,6.99,1
4.36,18769,1244,1677,30000,13.99,1
4.14,23396,997,1723,7279,11.99,1
3.93,79399,2434,1620,17400,9.99,0
3.66,69200,3233,1588,16300,11.99,0
3.98,58919,1081,450,11500,7.99,0
3.63,29656,2329,1623,32200,11.99,0
3.91,28452,2005,3970,79300,13.99,0
3.73,1005,95,198,1920,10.99,0
4.14,45570,486,120,5116,9.59,1
3.93,8447,785,207,8087,13.99,0
4.03,9016,348,338,22600,10.99,2
3.8,23238,2503,762,38700,6.99,0
4.27,43959,1354,412,10300,6.99,1
3.82,9142,623,310,8464,10.99,0
3.87,2370,245,501,3378,9.99,0
3.76,16146,1409,431,16400,9.99,0
4.02,4077,174,253,784,11.99,3
4.21,25927,443,667,4777,9.99,1
4.14,9015,559,30,2501,6.99,1
3.89,17490,901,305,6662,12.99,0
3.76,12869,705,802,8570,10.49,0
3.99,20434,816,1520,6203,9.99,0
3.83,23083,1008,1122,4626,11.99,0
3.68,90377,4414,2057,31600,7.99,0
4.02,29622,340,129,3964,11.99,3
4,28348,486,293,6879,8.99,0
3.84,17216,753,424,9821,9.99,0
4.26,18679,812,457,20500,10.99,1
3.98,6237,258,927,2786,5.99,0
4.04,4164,107,883,1607,7.99,2
4.17,714538,77091,77800,978000,12.99,1
4.32,120146,4468,2988,50700,8.49,1
4.06,406972,21843,9134,221000,9.99,1
3.96,128955,3495,1350,47900,8.99,0
4.15,87405,2839,3635,73600,14.99,1
3.74,48988,2804,1259,24100,11.99,0
3.84,8523,483,52,5911,6.54,0
3.67,2456,135,37,911,9.99,0
3.75,774,64,36,394,7.99,0
3.9,9051,750,395,5007,9.99,0
4.39,305741,12813,14900,112000,7.99,1
3.88,145331,6076,2585,57900,12.99,0
4.21,71021,1786,5226,27200,9.99,1
4.16,43040,660,310,8583,8.99,1
3.98,23863,139,81,3529,9.59,0
4.1,6743,167,99,1972,8.99,1
4.05,547921,17022,9646,161000,9.99,1
3.92,268031,12037,8901,163000,14.99,0
4.05,78695,2497,1647,20500,9.99,1
4.18,173073,5060,8139,43800,9.99,1
4.06,172453,8494,7947,9872,9.99,1
4.12,245585,7453,6341,95000,1.99,1
3.83,155137,4746,4300,97300,11.99,0
4.15,112898,6271,3739,65900,4.99,1
3.99,167051,8018,2715,41400,8.49,0
4.05,82452,7069,2965,72200,12.99,1
3.86,186191,5825,3003,76200,9.78,0
4.24,100505,9999,9758,104000,12.99,1
4.31,21974,837,334,3852,6.99,1
4.15,70946,5511,3207,65400,11.99,1
4.01,86482,3419,1941,43600,13.99,0
4.68,19832,407,520,2304,8.99,1
4.17,285316,23588,14200,253000,12.99,1
4.55,58602,1957,479,21400,9.99,1
3.81,45032,2070,1881,100000,14.99,0
4.21,69351,3034,4852,12800,9.99,1
4.15,280152,19642,19700,266000,13.99,1
3.84,139615,2111,2409,28700,9.99,0
3.9,11700,596,616,3333,5.99,0
3.87,3896,367,167,4789,14.99,0
3.87,9734,336,365,1824,4.99,0
3.85,4110,407,352,6232,11.99,0
4.09,95304,2197,772,29600,14.99,1
4.22,25050,177,53,4489,9.49,1
4.09,48678,750,2424,11500,9.99,1
3.63,7897,906,276,4322,2.99,0
3.49,15506,811,1041,12600,2.99,0
3.96,9364,438,418,2787,8.99,0
4.22,74433,1520,1796,30000,2.99,1
4.35,86230,4854,8546,160000,11.99,1
3.95,14362,590,678,2712,10.99,0
4.2,41630,627,117,30700,9.99,1
4.01,18420,331,289,4282,7.99,0
3.74,41729,2113,636,11800,9.99,0
4.28,63376,1122,531,10800,10.99,1
3.99,23301,291,134,6285,8.99,0
3.81,20500,965,594,7188,4.99,0
3.56,2310,260,428,2295,12.99,0
4.07,74796,1540,1117,14200,9.99,1
4.21,21206,463,335,1944,6.99,1
3.79,54893,1932,1008,19300,9.99,0
4.13,65451,4413,3141,23800,11.99,1
4.21,10532,525,2315,21300,12.99,1
4.08,3829,104,457,1680,7.99,1
3.95,193,20,14,258,11.99,0
4.12,22222,918,1188,7496,7.99,1
4.01,3324,163,113,664,7.99,0
3.76,11077,1169,263,4614,1.99,0
3.81,4151,165,275,926,6.99,0
3.97,12843,524,537,2634,11.99,0
3.76,1406,253,191,4430,15.99,0
4.18,320147,16612,12700,307000,4.99,1
3.91,199974,7871,2781,94900,6.77,0
4.37,148582,11067,5682,153000,8.99,1
3.85,58243,2291,826,1991,7.99,0
4.17,285319,23588,14200,253000,12.99,1
3.91,112054,5176,3872,64600,13.99,0
3.84,153270,5753,4197,48600,7.99,0
4,195470,2615,2449,38100,8.99,0
4.59,50427,1839,443,21900,9.99,1
4.12,62653,1942,1050,18200,9.99,1
4.15,70946,5511,3207,65400,11.99,1
4.45,51871,1658,422,21100,9.99,1
4.11,112335,2046,2967,16600,7.4,1
3.87,25411,1434,986,10800,7.99,0
3.75,113144,3861,2217,55000,9.99,0
4.17,14689,528,983,2654,7.99,1
3.91,10293,308,476,1918,5.99,0
4.08,26749,1780,687,16200,9.99,1
3.81,4505,161,80,2372,6.99,0
3.99,3899,256,61,3632,13.99,0
4.09,36525,3402,827,19400,8.99,1
4.3,7367,322,931,13300,4.99,1
3.89,15897,788,429,6509,9.59,0
4.04,34248,1603,626,8969,8.99,2
3.79,1765,82,13,1286,8.99,0
3.97,42524,1207,804,8045,11.84,0
3.89,24113,981,293,9396,2.99,0
4.17,35459,1478,2292,9103,12.99,1
3.69,4666,432,329,1742,11.99,0
3.95,1528,124,370,1195,6.99,0
4.02,17672,1032,1254,10500,13.99,3
4.15,20613,767,1035,7340,9.99,1
4.04,142363,8673,8659,149000,13.99,2
4.01,1080179,28176,13400,605000,12.99,0
4.26,91091,11122,30100,307000,12.99,1
4.35,248469,9579,15000,108000,7.99,1
3.75,101174,3633,1527,39900,12.99,0
4.73,28254,430,444,5026,8.99,1
4.31,83434,2439,1493,20600,9.99,1
4.06,164988,4135,6274,44100,9.99,1
4.19,105454,2356,3990,36600,9.99,1
4.25,93724,3789,2360,30600,6.49,1
4.36,5133,441,837,19500,16.99,1
4.08,35692,945,1503,26100,8.99,1
4.2,16774,479,625,2729,7.99,1
4.03,2824,118,103,573,7.99,2
4.07,23785,467,755,5784,8.99,1
3.83,4523,318,324,5647,0.99,0
3.72,15258,989,445,4937,10.99,0
4.17,29933,1421,1153,9474,4.99,1
3.75,30471,566,440,9680,9.99,0
4.11,9953,237,522,2135,8.99,1
4.17,1013084,38758,17100,382000,11.99,1
3.79,42326,2447,303,16100,8.99,0
4.23,13483,269,19,6098,9.99,1
4.11,11197,1075,1281,27800,5.99,1
4.26,185604,4253,1582,77000,9.99,1
4.2,68907,2140,3930,10500,9.99,1
3.94,31202,2417,2767,51200,16.99,0
3.99,159300,4896,1809,58500,11.99,0
4.09,264385,6322,3257,138000,9.99,1
3.74,8774,513,97,3503,12.99,0
3.96,22451,697,1565,6564,7.99,0
4.07,59812,921,1365,11500,9.99,1
4.08,23879,1348,1415,20100,12.99,1
3.33,19252,653,312,8018,5.99,0
4.13,25898,1200,1657,11100,9.99,1
3.93,28329,770,683,33000,14.99,0
4.11,22971,476,602,5519,8.99,1
4.41,56770,7157,6332,84800,9.49,1
3.95,38783,4454,1896,72300,9.99,0
4.22,39912,3093,3192,51600,10.99,1
3.81,9271,404,305,12100,7.99,0
4.12,23004,866,1584,35900,9.99,1
3.66,4176,395,409,4468,7.99,0
4.35,17499,647,258,5007,9.99,1
3.58,26006,1049,603,12300,2.99,0
3.93,4206,161,171,1016,7.99,0
3.9,66509,3261,1378,39700,7.99,0
4.02,71556,3508,3077,53900,7.99,3
4.2,82298,4736,4682,72400,3.99,1
3.99,57349,1564,957,17600,9.99,0
4.1,23975,2024,1008,18200,8.99,1
4.25,24768,411,451,4710,9.99,1
4.15,39066,2072,1179,18500,9.99,1
4.24,77423,1692,967,81000,11.99,1
3.8,14381,937,275,4698,11.99,0
4.21,34125,2050,1403,55700,12.99,1
4.12,13937,328,974,5150,7.99,1
3.5,5412,469,129,2908,11.99,0
4.17,43363,4537,5353,63300,12.99,1
4.01,8786,849,666,12100,11.99,0
4.4,38137,2678,3139,33700,9.99,1
4.1,13473,2178,271,19600,9.99,1
3.92,7633,305,250,7400,12.99,0
3.79,45187,940,523,20000,4.99,0
3.71,6942,604,213,2940,8.99,0
4.57,23772,1211,2853,32100,14.99,1
3.82,4653,471,634,6566,13.99,0
3.97,5644,401,214,3623,4.99,0
4.03,16256,352,327,4793,9.99,2
4.12,32710,1505,706,13400,9.99,1
4.1,4568,136,47,2508,9.99,1
3.86,9071,731,482,10300,15.99,0
4.58,4112220,82191,326,3110,8.99,1
4.23,1770916,89388,32100,1000000,11.99,1
4,515179,21710,6186,153000,5.99,0
4.05,588001,30800,9495,404000,9.99,1
3.92,732260,12360,4010,382000,12.99,0
4.42,926877,27537,42000,260000,7.99,1
3.63,160670,7262,2292,69800,9.99,0
4.01,223580,8883,2998,39300,9.49,0
4.1,448483,25436,9064,373000,9.99,1
3.54,60110,3872,1195,34700,11.99,0
3.85,105366,8069,1904,63200,7.99,0
3.86,205752,5711,4018,65800,6.99,0
3.96,125107,5126,1672,42600,10.99,0
3.85,95184,2989,1614,42800,11.99,0
3.93,130959,5169,3649,79000,14.99,0
4.24,111790,6002,8328,89200,5.49,1
4.17,191826,13732,8318,124000,13.99,1
4.3,72468,1983,1373,21500,8.99,1
3.99,351827,8995,3282,178000,11.99,0
4.2,800540,16474,7996,401000,2.99,1
4.24,60649,1749,677,20900,8.99,1
3.54,22236,2131,653,14200,12.99,0
3.9,119977,3756,4308,26900,9.99,0
4.21,60961,2410,3826,10400,9.99,1
3.9,6871,672,143,6290,12.99,0
3.95,8998,824,618,10700,4.99,0
3.86,40823,3543,2905,30700,12.99,0
3.84,67548,3020,667,32000,5.99,0
4.21,5366,566,18,2814,12.99,1
4.4,19057,970,270,3582,6.99,1
3.93,117816,4190,1717,43200,9.99,0
4.15,107479,7051,3629,136000,13.99,1
3.79,155693,9991,8763,161000,12.99,0
3.34,2154,232,169,5124,11.99,0
4.29,26826,1626,2602,52200,10.99,1
4.3,20668,820,1803,3431,6.99,1
3.71,4957,74,116,1454,1.99,0
3.69,2788,285,547,11400,16.99,0
4.11,122964,4813,9925,26800,7.99,1
3.79,15919,761,159,7535,9.02,0
3.36,136814,3643,652,60000,12.99,0
3.6,4857,374,292,2478,15.99,0
4.12,29945,1121,994,11900,7.99,1
3.97,19750,637,309,11300,9.99,0
3.82,6796,436,238,1399,8.99,0
3.9,66509,3261,1378,39700,7.99,0
4.54,776072,25172,24100,234000,9.99,1
4.1,357674,13302,7333,87700,7.99,1
4.18,201911,12130,8610,141000,9.99,1
4.01,696519,19855,8922,426000,11.99,0
3.96,154741,9467,7543,165000,13.99,0
3.98,348999,20252,9915,167000,2.99,0
3.69,180355,9759,4034,96900,11.99,0
3.77,325513,16576,3686,112000,9.99,0
4.03,113339,7517,3791,58100,8.49,2
4.27,72499,3493,4165,24900,9.99,1
3.98,69414,5859,4093,75200,9.99,0
4.29,72285,3117,1554,23200,9.99,1
3.79,23395,1291,1156,16500,2.99,0
4.07,111176,6695,3840,64800,12.99,1
4.17,45982,4667,1139,28100,6.99,1
3.94,36520,1292,1561,14000,9.99,0
4.04,69162,2795,657,32600,8.99,2
3.91,40847,2754,1719,32900,3.99,0
4.15,59428,2321,4679,10900,9.99,1
3.76,95026,2356,3911,22300,9.99,0
3.83,22634,1400,670,18000,11.99,0
4.01,159121,5091,1751,33400,1.99,0
3.93,124421,7367,2604,83100,8.99,0
3.97,56477,3352,1135,11100,9.99,0
3.64,63795,5160,756,30600,4.99,0
3.82,23923,1599,329,14200,9.99,0
3.98,101335,6286,3101,32800,9.99,0
3.82,190169,13093,6259,89900,11.99,0
4.21,60302,1829,985,31900,14.99,1
4.11,9391,356,79,4353,8.99,1
4.03,344582,26987,20800,114000,7.99,2
3.86,5068,271,127,2352,6.99,0
3.99,182499,8027,2877,54300,13.99,0
4.03,101214,8412,4350,34700,3.99,2
4.36,37666,1147,1223,7564,9.99,1
3.94,102016,4933,3372,41600,13.99,0
3.7,59611,2057,667,17900,13.99,0
4.22,26803,870,678,11700,13.99,1
3.95,45512,2155,1974,61000,13.99,0
3.99,28362,1115,823,5377,4.99,0
3.58,17818,1462,496,9111,13.99,0
4.04,23605,520,279,7027,4.99,2
4.07,30625,1124,1366,8971,14.99,1
4.03,28226,3044,3418,12200,12.99,2
3.63,3820,395,145,3112,10.99,0
4.3,627501,50469,30400,535000,12.91,1
4.09,1283789,35354,12000,527000,12.99,1
4.02,79750,4901,3902,69100,12.99,3
4.22,162413,5021,2149,64900,9.99,1
4.01,846380,19074,16700,545000,11.49,0
3.75,667342,11024,7822,197000,13.99,0
4.06,47768,2213,1064,19600,11.49,1
4.07,197441,12098,3650,64700,6.83,1
4.05,50766,1369,858,18400,9.99,1
4.01,161044,12290,4874,125000,14.99,0
3.75,205596,5655,2484,117000,14.49,0
4.14,164195,6974,4232,21700,5.99,1
4.02,101952,4930,2203,70500,6.99,3
4.26,209183,8738,17500,109000,7.99,1
3.71,62696,2192,719,14000,7.99,0
4.01,89929,9079,3878,30600,9.99,0
4.08,158110,7786,5878,103000,9.99,1
4.17,38893,2949,1261,44000,13.99,1
4.05,146193,4473,1448,32900,1.99,1
3.96,55203,3678,1112,29200,14.99,0
4.14,42203,1157,2252,9831,7.99,1
3.55,76374,6765,1908,26000,8.99,0
3.94,121451,5156,2660,55700,12.99,0
4.09,160457,5777,4278,115000,9.99,1
3.92,16773,916,865,3698,9.99,0
3.82,28215,1725,1367,18800,15.99,0
4.1,336950,7897,9057,146000,9.99,1
4.18,42378,1267,1700,61800,9.99,1
4.06,40320,1175,358,6439,7.99,1
4.27,71300,2151,1288,23400,9.99,1
3.97,141168,3778,1345,34300,12.99,0
4.1,97038,5194,4197,65300,6.49,1
4.09,39409,907,213,6162,10.99,1
4.08,27693,1511,1886,32700,9.45,1
3.55,20849,1828,861,6675,12.99,0
4.21,70926,2183,2254,33000,5.99,1
3.97,11160,1239,207,8300,11.99,0
3.93,47801,8138,1688,63900,8.99,0
4.29,118224,3807,1439,32000,10.49,1
3.99,117374,3426,1154,32100,12.99,0
3.3,9083,611,250,5390,13.99,0
3.87,64507,2729,713,24700,6.99,0
3.61,25638,1676,448,9095,4.99,0
4.15,13734,247,157,2392,8.99,1
4.15,8654,1184,958,21600,9.99,1
3.87,25347,1872,970,20200,11.99,0
4.3,52767,1022,427,5838,9.99,1
3.75,93426,4900,2933,23200,9.99,0
4.15,9507,1176,758,12500,14.99,1
3.93,36962,1376,1500,63700,12.99,0
3.93,11781,604,677,2984,10.99,0
3.99,21806,1987,1331,35000,13.99,0
4.06,38173,1775,3003,17500,13.99,1
4.04,19735,1913,,25500,12.99,2
4.18,49178,1310,1787,40400,9.99,1
3.98,116486,9741,3109,59700,9.99,0
3.88,8639,271,215,,5.99,0
4.09,13657,1118,336,11700,9.99,1
4.34,32997,1048,1167,6808,9.99,1
3.91,7931,489,286,,8.99,0
4.34,30303,977,1032,6709,8.99,1
3.65,4131,485,346,5214,9.99,0
3.95,54272,1742,592,44200,9.99,0
3.75,304544,6533,2568,161000,13.99,0
3.99,193543,9143,4846,24900,1.99,0
3.72,9595,1007,222,5677,6.99,0
3.78,6751,653,472,4564,12.99,0
4.09,16367,441,176,7942,9.99,1
4.13,461179,36954,31800,480000,12.99,1
4.13,53833,3111,726,15600,5.99,1
4.23,172930,12948,5454,94900,11.49,1
4,675462,39877,32900,496000,13.99,0
4,128760,3297,1090,35800,12.99,0
4.03,159906,15972,4153,134000,9.99,2
3.64,63795,5160,756,30600,4.99,0
3.61,46357,4217,3343,39800,11.99,0
4.29,39834,1181,807,9755,9.99,1
4.32,52995,1094,426,6649,9.99,1
3.98,34543,1086,896,12800,9.99,0
4.04,105518,6979,7356,97300,12.99,2
3.77,53360,3776,1246,35500,9.99,0
3.79,58098,1952,595,14000,7.49,0
3.88,43462,3550,1933,39700,2.99,0
3.75,71001,4532,6494,209000,12.99,0
3.75,69081,2226,448,16000,8.99,0
3.97,37595,1379,2624,11200,8.99,0
4.11,62965,3462,3072,25700,9.99,1
3.86,48461,1495,1899,13200,7.99,0
3.83,43341,2142,577,12400,4.99,0
3.97,100436,3376,3965,61000,11.99,0
3.87,36586,2747,891,16500,14.99,0
3.89,124628,4912,1903,20900,7.99,0
4.26,50674,2788,2335,13800,9.99,1
3.7,95771,6263,2190,97100,9.99,0
3.94,3175,199,569,8446,7.99,0
4.18,72035,7526,3845,49200,12.99,1
3.67,3023,203,47,2827,5.99,0
3.58,11805,998,697,15200,11.99,0
4.24,51184,7510,6608,35000,12.99,1
3.85,15701,591,231,6516,11.99,0
4.28,22151,2034,1623,26400,11.99,1
3.72,77452,2600,3357,18000,8.99,0
3.9,59253,1234,652,16900,7.99,0
3.76,4299,441,220,4062,8.99,0
4.07,112317,3296,4465,24000,9.99,1
3.87,50577,2427,1324,28500,11.99,0
3.75,14098,1620,1594,22600,8.99,0
3.97,2192,123,45,890,12.99,0
3.88,33008,905,551,23800,8.99,0
4.26,102391,12286,12800,121000,14.99,1
3.89,6641,378,368,1458,7.99,0
3.75,10551,1196,397,4361,7.99,0
4.02,235448,6028,1909,26800,8.99,3
3.92,421620,14223,6361,175000,6.99,0
4.23,72441,2566,1347,23400,9.99,1
4.11,193415,10573,3758,154000,6.49,1
3.81,97317,2799,869,18100,8.99,0
4.08,193774,16998,7451,208000,14.99,1
3.86,105076,5300,2412,70200,7.99,0
4.26,130277,5920,4429,82000,8.61,1
3.97,56477,3352,1135,11100,9.99,0
4.09,40646,2123,519,9982,13.99,1
4,675466,39878,32900,496000,13.99,0
3.41,41354,2736,1285,26000,7.99,0
4.29,110772,5512,2375,48400,13.99,1
4.29,136923,4350,2278,19900,9.99,1
4.21,20555,1241,1972,50100,6.99,1
3.52,42463,2378,1557,11700,9.99,0
4.15,44048,3255,608,33000,11.99,1
3.91,41957,2296,3727,31100,7.49,0
4.13,87884,3647,10200,19700,7.99,1
4.04,138934,2743,5852,305000,16.99,2
3.91,8002,482,274,1785,9.99,0
4.27,19268,681,1077,2957,9.99,1
4.21,61198,2224,4472,11100,10.99,1
4.05,53618,3548,2339,35300,13.99,1
3.76,33556,1159,842,29400,15.99,0
4.25,32194,2104,354,29500,6.24,1
3.91,23911,676,258,3511,4.99,0
3.84,23647,1574,804,30800,12.99,0
4.22,3948,321,347,5213,12.99,1
4.27,11560,971,2211,31400,12.99,1
3.9,10674,617,673,3021,10.99,0
4.21,38368,1995,1015,8137,10.99,1
4.26,12287,1491,491,19800,15.99,1
4.08,2683,283,360,9696,9.99,1
4.37,36113,1073,483,9568,12.99,1
3.45,33432,2252,1232,24600,13.99,0
4.05,72635,11248,2618,104000,11.99,1
3.29,31226,1789,434,20900,13.99,0
3.71,175852,8160,5784,67300,13.99,0
4.02,11318,430,248,7087,9.99,3
4.1,1211029,37225,8688,324000,13.99,1
4.01,247664,21840,14700,317000,8.99,0
4.12,258151,6199,1600,32100,7.99,1
4.25,917120,37041,13200,273000,9.99,1
4.12,222469,8951,2493,132000,7.99,1
3.85,73982,7199,3308,57300,5.99,0
4.22,179547,10065,34400,309000,14.99,1
4.2,800542,16474,7996,401000,2.99,1
4.16,34907,1674,316,9765,8.99,1
3.75,27861,1800,1236,31100,9.99,0
4.4,122916,4402,2312,41300,5.99,1
4.05,73009,3825,5282,208000,13.99,1
3.93,71156,3737,5801,120000,14.99,0
3.8,60916,5162,4036,49200,17.49,0
4.25,157419,10106,3939,76400,9.99,1
4.28,59610,1150,540,12500,9.99,1
4.03,125219,5453,4256,68000,3.99,2
4.15,102373,2472,805,15300,9.99,1
3.87,10360,870,786,14600,9.99,0
4.3,128998,3934,1915,19700,7.99,1
3.89,280027,12938,5112,131000,8.99,0
3.29,37337,2463,745,11500,11.99,0
3.85,109343,13992,9629,137000,9.99,0
3.95,41448,1395,899,75800,13.99,0
4.02,114136,3001,1137,37000,12.99,3
3.7,86795,3695,2172,32900,9.99,0
3.98,24593,2563,1637,26500,11.99,0
4.07,197443,12098,3650,64700,6.83,1
4.28,171743,7470,4757,72200,10.99,1
4.04,76324,5237,1401,42400,6.99,2
3.99,157543,5011,3671,58700,10.99,0
4.22,23980,2319,811,12200,14.99,1
3.69,23017,2376,739,19300,2.99,0
3.58,45198,5083,737,35500,7.99,0
4.1,164718,13515,2510,188000,7.99,1
4.26,65821,1659,886,30600,8.99,1
3.92,135328,9250,3498,78000,10.99,0
3.93,99109,2923,2837,22500,8.99,0
4.11,277282,7353,2762,110000,10.99,1
4.12,38448,1167,,90600,11.99,1
3.69,7916,902,538,12400,14.99,0
4.04,110282,7502,3140,201000,12.99,2
3.9,205583,7436,,126000,12.99,0
4.32,73718,2565,1320,25300,13.99,1
3.69,59074,3833,2151,19000,8.99,0
4.09,40646,2123,519,9982,13.99,1
4.08,91636,7192,2209,51600,9.99,1
4.18,58172,2289,3267,9667,10.99,1
4.06,102652,3097,2620,52600,9.99,1
3.81,29708,2071,482,19500,10.99,0
3.54,17260,1546,502,22700,5.99,0
4.18,58544,1577,1221,10200,8.99,1
4.02,8677,478,443,5355,3.99,3
3.64,31949,2460,493,13600,11.99,0
3.85,12407,838,565,14000,12.99,0
3.95,18088,2312,970,14100,11.99,0
3.74,2136,174,101,2350,7.99,0
4.33,22066,750,516,12700,2.99,1
3.67,18062,1613,638,8331,11.99,0
4.01,5225,773,345,12500,9.99,0
4.07,36118,1373,490,11800,6.99,1
3.1,69725,4990,1146,39600,1.95,0
3.96,10895,476,97,7533,9.99,0
3.99,18548,1102,299,11700,7.99,0
4.12,36556,984,355,11600,5.99,1
3.54,18630,2011,1381,10300,13.99,0
3.59,5204,462,120,2109,13.99,0
3.81,106950,7961,5434,68600,9.99,0
3.21,85677,7047,1792,21900,12.99,0
3.42,12022,1345,1917,11600,9.99,0
3.79,68844,7000,4024,54000,13.99,0
3.95,52000,714,655,594,9.99,0
3.92,8925,503,205,1726,8.99,0
3.89,2006,214,42,2705,4.99,0
3.59,2463,258,58,4689,11.99,0
4.01,1454,155,159,1254,2.99,0
3.82,29669,1304,236,12200,12.99,0
4.23,49478,2661,2596,41800,9.99,1
3.81,50141,1152,670,9352,9.99,0
3.76,5105,370,205,4927,12.99,0
4.33,29051,1093,229,13600,9.99,1
4.39,1053,79,327,3973,5.99,1
3.6,10981,1030,365,6747,12.99,0
3.87,24957,2482,719,24200,10.99,0
3.36,23822,2776,980,10400,9.99,0
3.83,21764,1564,287,30600,8.99,0
3.53,5671,762,183,5413,13.99,0
4.21,21189,810,1725,50500,13.99,1
3.79,109544,6353,1076,32300,7.99,0
3.97,43372,2379,1285,30500,14.99,0
3.73,30328,2485,652,10200,5.99,0
3.85,44173,4294,1094,6708,8.99,0
4.39,2522557,143061,91000,2000000,10.99,1
4.17,3154755,76998,34100,1000000,6.99,1
4.3,2952253,99650,63600,913000,6.99,1
3.65,6500686,128660,49500,25500,10.99,0
3.85,681283,51371,24800,712000,12.99,0
3.85,659105,26304,10800,385000,9.99,0
3.97,1580551,74650,32900,750000,8.99,0
4.16,725107,24104,21100,259000,7.99,1
4.31,1195760,62212,21100,653000,13.99,1
3.84,260412,11238,4068,76600,9.99,0
4,216838,4428,1486,26600,7.99,0
3.93,237767,20244,13500,317000,13.99,0
4.09,228503,8414,8270,228000,13.99,1
4.03,116192,9283,1968,52000,6.15,2
4.08,106658,3072,1048,36400,12.99,1
3.69,598845,20597,5438,224000,13.99,0
3.94,110139,3520,712,34900,9.99,0
4.14,468537,14911,3892,98700,14.99,1
3.94,126510,4689,2695,45700,6.99,0
4.16,334635,15475,9116,273000,8.99,1
4.27,185723,8213,10500,288000,17.99,1
3.84,78529,1957,435,17700,8.99,0
3.77,81752,5842,3314,75100,14.99,0
4.05,86323,4828,7634,207000,13.99,1
4.21,233796,7139,8764,65000,9.99,1
3.92,59485,6072,1138,44100,9.99,0
3.63,82618,5288,1558,50700,11.99,0
3.85,120318,5693,2746,67700,7.49,0
4.41,124981,4491,2299,19900,9.99,1
4.19,130534,3615,4098,47000,9.99,1
3.72,71216,7101,1770,75600,12.99,0
3.77,24844,2040,250,12200,5.99,0
4.24,85592,3091,1859,13800,9.99,1
3.88,26280,859,235,7475,13.99,0
3.68,33052,1896,379,16800,7.99,0
3.44,87819,5570,1558,35900,8.99,0
3.69,101902,3686,3101,74000,12.99,0
3.46,31947,3101,1437,14100,14.99,0
3.88,28696,1227,912,12000,9.99,0
3.81,17447,1116,703,22100,2.99,0
4.18,49479,3544,3581,60800,10.99,1
3.44,8978,817,182,6356,13.99,0
3.9,19686,828,187,7739,1.99,0
4.03,40950,2720,954,36300,10.99,2
3.92,32713,1445,227,14100,8.99,0
3.45,52534,4423,2847,44600,11.99,0
4.04,54584,3790,2241,45500,6.99,2
3.75,38352,2557,702,13200,14.99,0
3.94,33428,2474,566,16200,4.99,0
3.79,23059,1920,458,12100,6.99,0
3.37,12586,1433,399,10800,11.99,0
3.51,23544,1111,665,11500,8.99,0
4.18,55718,2246,3927,9404,10.99,1
3.92,11360,732,176,3580,5.99,0
3.86,17006,877,140,6991,9.99,0
3.54,1398,82,59,1071,6.99,0
3.94,17851,1976,711,15900,13.99,0
4.09,40262,1113,976,8299,9.99,1
3.99,4289,427,85,3739,12.99,0
4.09,3900,449,518,5822,15.99,1
4.06,91744,3335,5055,27900,8.99,1
3.63,70018,4428,1298,29100,8.99,0
3.9,14169,1029,672,9830,4.99,0
4.01,846386,19075,16700,545000,11.49,0
3.91,16533,1841,1645,24300,8.99,0
3.6,38891,3167,1971,58000,9.99,0
4.25,13177,987,74,5174,11.99,1
4.11,1604667,62214,14700,588000,11.99,1
3.59,1904259,57220,17600,244000,10.99,0
3.99,894256,58510,17100,517000,12.99,0
4.25,917569,37071,13200,274000,9.99,1
3.62,1732195,58042,27600,710000,9.99,0
4.24,1142597,46808,526,212000,6.99,1
3.52,526652,27619,13900,297000,8.99,0
3.66,343785,22472,5469,207000,14.99,0
3.76,189628,8591,3017,63800,9.99,0
4.15,205073,10072,3167,108000,8.99,1
4.02,521664,29467,15300,314000,12.99,3
4.06,98785,8524,4306,103000,3.99,1
4.18,203552,14100,11400,216000,14.99,1
4.01,203346,4376,1322,26200,8.99,0
4.05,246564,8855,2233,130000,10.99,1
4.02,1021581,64117,30100,713000,8.99,3
4.03,106547,5543,978,39000,13.99,2
3.88,127941,10663,3507,98400,8.49,0
4.17,472594,31123,5141,203000,9.99,1
4.15,68061,2137,892,45800,9.99,1
4.02,9230,941,602,34500,5.99,3
3.8,182907,20903,9439,117000,9.89,0
4.06,180153,12089,4696,138000,8.99,1
3.73,11465,1459,215,10400,13.99,0
4.16,89526,8208,1438,23300,11.99,1
3.76,12787,1136,314,5218,8.49,0
4.12,50311,7265,849,77700,8.49,1
4.08,250137,13352,7708,290000,7.99,1
4.21,241952,15136,14100,244000,9.99,1
3.88,43612,3165,2966,54500,13.99,0
3.92,100607,5248,1286,66100,6.99,0
4.12,147081,9640,2582,55900,11.99,1
3.93,65391,5231,1768,25200,12.99,0
4.38,107904,12657,3480,42400,6.44,1
4.04,49030,1702,1926,13400,8.99,2
4.13,163591,12296,3695,103000,7.68,1
4.39,39826,3777,741,22100,7.99,1
3.97,41897,3741,1134,28600,11.99,0
3.53,130312,6149,2012,34900,13.99,0
3.7,31360,2339,1013,31800,13.99,0
3.82,164465,5804,5186,183000,12.99,0
3.89,49119,3140,2044,13900,5.99,0
3.79,25376,1423,412,12300,12.99,0
3.92,41931,5430,1320,31200,9.99,0
2.97,20876,2974,928,14100,13.99,0
3.73,472273,15794,22200,259000,13.99,0
4.14,84773,7487,3401,60600,12.99,1
3.98,30385,1145,734,13100,9.99,0
4.01,155816,2275,2189,33900,6.99,0
4.22,21677,706,317,8000,7.99,1
4.06,48439,2056,3987,10000,9.99,1
4.33,192089,7577,2849,45300,8.99,1
4.14,120632,3493,1720,29600,9.99,1
3.81,5401,944,139,10300,9.99,0
3.84,31146,1224,374,12800,9.49,0
4.17,60951,2479,3421,10900,9.99,1
4.05,28507,1315,2086,5070,10.99,1
4.34,30777,962,995,7397,8.99,1
4.43,179603,7881,2459,53600,8.99,1
4.09,74774,2260,2743,17300,9.99,1
4.16,36570,1449,1318,8743,9.99,1
3.67,12184,1987,284,14700,9.99,0
4.04,78928,5289,1066,26300,14.49,2
3.64,11917,1161,551,10300,9.99,0
4.37,29405,1073,1118,7487,9.99,1
4.06,19773,969,906,7654,14.99,1
3.47,13832,1213,326,10300,3.99,0
3.72,1790690,44589,14200,18400,10.99,0
4.43,1510696,75301,34700,834000,12.99,1
4.07,1985786,75106,36700,883000,9.99,1
4.52,948354,53462,42400,758000,9.99,1
4.24,730964,31215,11900,7590,9.99,1
4.11,641475,26336,8609,397000,9.99,1
4.37,1029360,37734,21500,216000,6.99,1
3.85,963761,56324,20900,497000,8.99,0
3.97,71234,4006,744,27300,9.99,0
4.31,247630,13264,11900,111000,9.99,1
4.13,157229,8550,2928,107000,2.99,1
3.61,92791,8456,1690,34500,11.99,0
4.35,56277,5563,294,65500,11.99,1
4.05,99208,5859,2397,42500,8.99,1
4.03,82540,4492,6013,81800,2.99,2
3.82,645083,35580,17800,223000,9.99,0
3.71,3892,367,337,2348,12.99,0
4.06,124663,8518,4291,111000,2.99,1
4.38,453950,27728,19400,131000,9.99,1
4.06,161433,12608,7920,116000,9.99,1
4.02,26662,1728,404,9852,11.99,3
3.46,35200,4985,1330,24600,9.99,0
3.86,159341,9291,8206,128000,8.99,0
3.83,20443,2083,635,19600,2.99,0
4.46,86336,6963,2331,84800,9.99,1
4.16,186268,11964,3773,142000,9.99,1
4.34,168246,7614,5352,44900,11.99,1
4.29,27680,1035,1703,5895,9.99,1
4.04,76324,5237,1401,42400,6.99,2
3.99,49326,2346,3648,8401,10.99,0
3.77,98589,9922,3013,33800,12.99,0
4.31,134067,5430,1822,30100,9.99,1
4.32,58136,1506,1172,10500,6.99,1
3.6,118678,5838,1744,60500,9.99,0
3.96,30432,1456,1126,6548,7.99,0
3.96,35939,1566,413,7908,7.99,0
4.1,30025,2917,399,41700,8.99,1
4.25,108021,5778,2295,24000,6.99,1
3.82,42531,3560,958,20600,7.99,0
3.62,10572,1395,207,5300,14.99,0
3.81,55857,4462,1023,52600,9.99,0
3.84,23111,1247,238,8964,13.99,0
3.56,14514,2005,546,11400,12.49,0
4.18,126604,4955,1779,29000,7.99,1
3.95,30510,1388,677,13500,9.99,0
4.16,54229,1994,2365,19300,8.99,1
3.73,77477,7545,1603,40800,1.99,0
3.71,20556,1518,820,9387,11.99,0
3.75,67470,5519,1651,53900,14.99,0
4.29,148486,13964,4106,118000,13.99,1
3.75,81420,5639,694,66400,11.99,0
3.86,60471,6681,1263,26100,7.99,0
3.94,118973,7198,3304,43700,9.99,0
3.87,30422,3789,1134,18300,12.99,0
4.12,360106,10886,5904,171000,2.99,1
4.3,91858,3941,1503,23100,8.07,1
3.85,234035,24174,17200,120000,14.99,0
3.76,190506,12730,5063,82100,12.99,0
3.82,62557,6795,2353,28200,15.99,0
4.34,123744,4554,1370,15800,8.99,1
3.62,21151,2957,759,18600,9.99,0
4.56,59513,3880,887,20600,9.99,1
4.02,171300,6680,1371,124000,9.99,3
4.43,108675,3159,1785,19400,9.99,1
4.05,94116,3713,796,16600,9.99,1
3.99,54883,6120,1244,28000,11.99,0
4.05,68035,6503,1503,51600,10.99,1
4.17,71203,5399,4413,70400,9.99,1
4.06,161433,12608,7920,116000,9.99,1
3.92,61899,4224,1310,23200,14.49,0
4.1,35903,3235,,18600,11.49,1
4.07,115692,8650,4294,119000,12.99,1
3.41,18170,2569,549,9645,9.99,0
4.12,102707,4666,3432,50800,5.99,1
4.19,777126,32257,29200,623000,12.99,1
3.77,59970,6876,2205,35900,11.99,0
4.15,177235,8658,5857,59800,8.84,1
4.11,117000,4767,2248,26200,8.99,1
3.95,51133,3199,2110,18400,9.99,0
3.46,40524,4299,1301,40300,11.99,0
4.05,17050,1258,542,5523,4.49,1
4.53,414135,28712,12700,131000,9.99,1
3.77,70030,6475,887,26000,6.99,0
3.37,83328,2948,1164,55000,13.99,0
4.09,20769,1252,885,8389,14.99,1
4.04,259356,11581,4016,268000,7.67,2
3.42,3429,673,149,3024,9.78,0
4.04,29733,1999,281,18300,7.99,2
4.14,22020,3188,1969,9,13.99,1
3.8,17187,2349,1643,18900,15.49,0
4.04,1925,333,199,3570,15.99,2
4.32,382294,28636,16700,218000,13.99,1
3.75,605246,29740,16200,185000,11.99,0
3.95,166541,3699,1662,44400,9.99,0
3.72,582518,21834,9785,406000,8.99,0
4.14,115131,3471,688,42800,11.99,1
4.04,298439,22715,7332,151000,14.99,2
3.61,96442,3952,1374,30500,9.99,0
4.04,206561,8660,2236,114000,9.99,2
3.77,597113,22987,10700,368000,9.99,0
3.31,138501,13704,4805,113000,9.99,0
3.91,154131,10583,3182,72200,12.99,0
4.16,552518,13074,6156,232000,8.99,1
4.05,1505831,64700,32100,712000,6.99,1
3.82,167967,18122,6009,123000,4.99,0
3.76,80810,5308,768,48000,9.99,0
3.79,56477,1526,329,19500,9.99,0
3.96,120111,10077,2267,106000,9.99,0
3.72,241639,22341,4609,85500,13.99,0
3.6,85459,8998,1052,88000,6.99,0
4.34,109416,3553,1370,16300,7.99,1
3.92,898395,41600,14100,589000,5.99,0
3.92,52475,2472,388,23100,9.99,0
4.29,91034,9971,4670,128000,12.99,1
4.02,89800,4463,976,17300,9.99,3
4.2,71520,2898,908,21800,8.99,1
4.28,38243,1287,520,9411,9.99,1
4.38,101656,5249,2248,23400,6.99,1
3.92,298039,16995,12100,223000,11.99,0
3.88,144092,12949,3403,83200,4.99,0
3.94,34969,3811,533,37300,7.67,0
3.88,93130,7311,4658,103000,13.99,0
4.43,85084,4179,1695,13600,9.99,1
4.28,69649,2588,1372,14600,7.99,1
4.05,78157,8051,1226,38700,12.99,1
4.13,22617,1747,457,6664,9.99,1
4.32,84875,3001,823,17800,8.49,1
3.52,4909,930,94,3910,6.99,0
4.44,103921,3397,1750,18700,9.99,1
3.69,111974,12122,3373,68900,11.99,0
3.9,110047,11060,2249,97700,6.99,0
3.79,86450,6966,2426,58100,9.49,0
3.96,25588,1707,456,21800,7.99,0
4.34,50529,1314,702,10700,8.99,1
3.85,15371,2382,170,22300,11.99,0
3.97,55595,3856,1217,37000,13.99,0
4.16,27521,963,281,10500,5.99,1
3.95,46082,4347,1503,38200,15.99,0
4.24,21051,758,331,7446,6.99,1
4.04,27319,2400,247,12600,7.38,2
4.12,83173,2424,1780,31400,8.99,1
4.19,39731,984,319,14500,7.99,1
3.2,712,174,18,1234,0.99,0
3.5,45252,4391,808,18000,13.99,0
3.82,2241,249,157,3325,7.55,0
3.54,15862,2431,644,12200,11.99,0
4.27,29991,1098,295,9936,9.99,1
3.56,55097,7123,2122,52000,11.99,0
3.45,9407,385,148,3986,8.99,0
3.51,63828,3981,1481,34300,13.99,0
3.81,69110,8400,4398,39300,14.99,0
3.92,49974,2850,1548,29400,7.99,0
4.12,21373,869,203,11500,1.99,1
3.78,9441,714,242,5009,1.99,0
3.17,18152,3392,642,9850,13.99,0
4.36,19345,651,692,6318,10.99,1
4.61,34057,215,137,6956,17.99,1
3.53,261606,24797,12100,217000,12.99,0
4.06,26724,3371,185,36200,12.99,1
4.33,293058,10082,2823,82900,9.99,1
4.31,824794,41794,14700,611000,10.99,1
4.07,800468,50482,10000,409000,7.99,1
4.37,286115,12560,2460,87000,9.99,1
3.88,169183,10102,2785,72000,5.99,0
4.11,727986,40522,19300,636000,14.99,1
3.98,321274,12678,4262,90800,10.99,0
4.18,116377,3804,506,42500,10.99,1
3.9,163058,5758,1509,30300,8.99,0
3.63,774325,35767,12400,453000,9.99,0
3.89,336445,21809,6652,326000,11.99,0
3.85,233856,8512,4853,90500,7.99,0
3.88,212011,13315,4081,287000,9.11,0
4.39,112754,4563,1732,31800,8.99,1
3.97,157736,3454,1525,44500,9.99,0
3.83,136414,7315,4092,66700,9.99,0
3.92,141379,8760,1498,152000,7.99,0
4.04,210915,20963,14900,180000,9.99,2
4.07,126455,6045,1478,65500,11.99,1
3.88,98325,6234,878,105000,9.99,0
3.94,53203,4048,511,74000,10.99,0
4.35,131764,14556,7077,81300,7.99,1
4.38,106861,3582,1302,15700,8.99,1
3.94,340464,16873,6770,180000,11.99,0
4.22,272429,20619,9158,193000,13.99,1
3.97,449653,35712,6179,472000,9.99,0
3.78,167806,14760,4906,83400,12.99,0
4.38,928426,50079,22100,608000,9.99,1
3.71,31437,2036,312,15300,8.99,0
4.18,87788,4013,990,46100,7.38,1
4.44,83362,3806,1834,13400,9.99,1
3.7,396219,20553,7660,243,9.99,0
3.9,574838,30120,14500,180000,8.99,0
3.97,38344,1454,338,24300,11.99,0
4.01,83355,5131,1073,86800,9.99,0
3.85,68110,4849,638,56400,7.99,0
3.9,140764,13995,3043,61900,14.99,0
3.79,48138,5295,879,68500,8.69,0
3.86,29820,2686,405,49100,12.99,0
4.04,173419,12642,6243,60600,9.99,2
4.02,64053,6663,3140,51500,14.99,3
3.69,224329,22194,10500,153000,12.99,0
3.94,39749,1508,272,19300,6.15,0
3.66,69029,4516,1287,68100,7.99,0
3.78,44645,1510,229,18100,0.99,0
3.95,83965,9337,1555,35800,13.99,0
4.21,274305,20410,15700,362000,11.49,1
3.73,63068,1965,717,31400,9.99,0
4.25,37182,1231,402,16500,9.99,1
4.17,24339,1066,236,10400,5.99,1
4.66,479831,34080,45900,445000,7.99,1
3.97,41595,2051,436,16700,9.49,0
3.97,60545,7137,1654,38700,13.99,0
3.91,31075,2746,430,18600,9.99,0
4.2,39096,1104,335,16400,6.99,1
3.72,33172,5407,938,28300,12.99,0
3.99,46231,4190,899,11900,9.99,0
3.55,20038,2882,418,28100,6.99,0
3.91,93063,5544,1284,78400,8.99,0
4.35,55449,2620,1024,24200,11.99,1
3.87,13455,1181,127,37100,9.99,0
4.37,47595,1385,937,10700,8.99,1
3.81,18829,2364,404,13400,6.99,0
4.02,961038,102089,43300,1000000,13.99,3
3.85,58675,6875,2059,109000,8.99,0
4.08,596448,27445,11100,236000,10.99,1
4.43,548206,30920,7481,259000,10.99,1
3.95,464805,28511,9988,399000,11.99,0
4.08,281381,9090,3057,104000,11.99,1
4.42,577273,23591,14500,146000,7.99,1
4.02,961038,102089,43300,1000000,13.99,3
4.01,126888,7950,1169,188000,9.99,0
3.86,167743,6401,2635,75200,7.99,0
4.2,185170,8904,2284,145000,9.99,1
3.89,123393,8547,1668,69800,5.99,0
4.02,485993,44581,30300,444000,14.99,3
4.39,108408,7218,2201,37900,6.99,1
4.34,647843,24366,24300,295000,7.99,1
3.77,117852,10549,1740,205000,7.99,0
3.99,367682,33864,7540,417000,9.99,0
3.98,293755,21245,5694,188000,9.99,0
4.14,271795,11857,7925,105000,10.99,1
3.92,1251282,66467,28100,812000,9.99,0
3.52,244610,16002,5804,106000,9.99,0
3.8,99892,8237,1023,113000,10.99,0
4.55,549373,27075,18200,169000,9.99,1
4.23,1154458,101693,34500,575000,11.99,1
4.19,206523,7423,5661,93200,7.99,1
4.09,93139,4962,660,46900,7.99,1
3.81,126958,6570,1694,30300,8.99,0
4.18,85086,4897,1254,57300,11.99,1
3.96,998869,42288,12100,576000,8.99,0
4.01,63764,3490,706,55200,8.99,0
3.98,55187,4552,627,78700,8.99,0
4.26,62959,2611,981,14600,8.49,1
4.28,88213,4207,1695,15100,8.99,1
3.87,840913,83081,38800,754000,11.99,0
3.9,40630,2423,512,25100,9.99,0
4.14,38741,2505,565,10600,11.99,1
3.66,2575565,83772,51100,694000,7.99,0
3.92,102346,4888,2320,62500,9.99,0
4.11,33707,1677,325,29300,10.99,1
4.13,43165,2432,424,18000,8.99,1
3.91,61641,5847,841,75700,9.99,0
4.06,23289,1641,229,17500,8.99,1
4.01,677741,34206,13200,539000,12.99,0
3.87,36304,5276,697,48500,10.49,0
4.33,533469,47249,31000,25100,11.99,1
4.17,56261,2328,1220,31400,11.99,1
3.91,69478,5249,1177,91000,7.99,0
3.83,901599,30704,18800,183000,7.99,0
4.1,32402,1707,265,15900,9.99,1
4.15,3928055,119799,43600,1000000,12.99,1
4.1,47408,2282,502,26000,7.99,1
4.05,72833,5563,963,81200,10.99,1
4.23,49044,2332,913,14700,8.99,1
4.27,93203,4331,1770,30200,8.99,1
4.16,525002,37138,11100,476000,9.99,1
4.03,84039,2882,1615,49400,9.99,2
4.18,20066,656,130,13000,7.99,1
3.85,62252,7046,1199,44800,10.99,0
3.78,443606,26676,54,1349,8.99,0
3.78,28200,1286,285,17400,5.99,0
4.11,91180,4700,1508,101000,7.99,1
4.27,22103,1737,189,10800,5.99,1
3.95,88177,4718,1437,47700,8.99,0
4.18,58651,2006,1231,28200,8.99,1
4.1,102533,7732,2196,163000,4.99,1
3.85,3707,378,198,3458,8.99,0
3.93,29902,2034,383,64900,8.99,0
3.76,27531,953,468,18500,1.99,0
4.22,43160,1957,1135,10900,7.99,1
4.27,36694,2342,497,15900,7.99,1
3.89,187131,18208,5136,87700,9.99,0
4.25,97957,5045,2456,19800,7.99,1
4.34,39623,1807,755,12100,9.99,1
4.08,30642,1951,567,3344,11.99,1
3.42,99421,11376,5433,70400,4.99,0
3.82,295361,22457,9693,213000,14.99,0
4.06,18336,1007,160,10400,2.99,1
3.84,10259,1248,157,19600,6.99,0
4.13,9322,645,105,8491,10.99,1
3.87,46948,5722,1012,70300,11.99,0
3.99,312,81,19,385,7.99,0
4.12,16499,924,54,5343,1.99,1
4.1,13193,913,112,9449,7.99,1
4.14,5074760,177671,66300,2000000,9.99,1
3.98,1484263,63138,27900,324000,13.99,0
4.13,3053136,153129,50100,1000000,12.99,1
4.22,527416,24111,10000,250000,10.99,1
4.03,238176,15561,3824,111000,9.99,2
4.28,161166,6707,,85000,7.99,1
3.99,118155,6114,2793,77600,7.99,0
4.07,70414,6277,,123000,11.99,1
4.16,197600,10758,2865,144000,7.99,1
4,117672,9199,2129,81800,8.99,0
4.06,61069,4264,541,31700,8.99,1
4.2,68617,4474,1581,39300,7.49,1
3.94,225480,14518,4066,125000,12.99,0
4.38,46714,3009,961,17900,9.99,1
4.47,589086,24437,15800,158000,7.99,1
4.05,788613,46430,19800,470000,9.99,1
4.01,54097,4108,519,47000,7.99,0
4.24,180612,11642,2356,54900,10.99,1
4.04,455861,37828,11900,311000,13.99,2
3.75,46381,4501,547,69500,9.99,0
4.2,114353,3946,1719,44000,13.99,1
4.08,76973,5616,880,104000,11.99,1
4.08,430825,29150,53500,62100,14.99,1
3.73,101888,7214,1694,33000,8.99,0
4.32,27279,1310,492,14600,7.99,1
4.37,19428,1123,386,9344,6.99,1
3.9,192158,19707,7450,225000,12.99,0
3.75,120859,11493,2230,131000,8.99,0
4.34,54003,2977,1144,15800,8.99,1
3.62,7454,939,211,9232,9.99,0
4.05,121754,7909,1453,133000,9.49,1
3.78,45098,3354,502,26200,3.99,0
4.24,19734,1083,421,14600,9.99,1
4.3,348831,11346,5439,113000,5.99,1
3.66,92076,12492,1824,62000,13.99,0
4.27,72679,4449,1160,41500,4.99,1
4.03,142342,15924,4052,147000,9.99,2
4.06,99914,10900,6088,101000,13.99,1
4.08,34841,1919,480,18400,1.99,1
4.48,593,159,17,772,2.99,1
4.47,786363,58313,37300,328000,8.21,1
4.08,78523,6690,1587,52700,11.99,1
4.33,84159,7587,1723,50500,6.99,1
4.43,320310,21888,9913,139000,7.99,1
4.12,108346,12698,3206,86700,9.99,1
4.34,60679,4917,809,36300,8.99,1
4.28,44691,3296,517,25900,10.99,1
4.1,51176,3484,1035,36800,10.99,1
4.37,54461,4774,2057,31200,8.99,1
4.04,22699,3715,594,18400,5.99,2
4.25,58035,5071,661,19300,4.99,1
4.13,37929,2576,595,18300,9.99,1
4.22,36413,2546,564,13400,2.99,1
4.59,12629,319,370,18700,3.99,1
4.07,60519,7822,982,59600,10.99,1
4.15,46092,3900,482,30300,11.99,1
4.03,44267,3827,1151,21200,6.99,2
4,33033,2901,755,21900,8.99,0
4.19,28583,2197,350,12400,13.99,1
4.19,33183,2404,410,14100,12.99,1
4.05,23535,2252,486,21700,5.99,1
4.32,1619178,104652,108000,2000000,14.99,1
4.39,17123,1508,217,8111,4.99,1
4.18,23575,1717,517,7773,7.99,1
3.65,90295,11632,814,48100,10.99,0
4.28,17406,1243,210,7267,4.99,1
3.95,108982,13772,1805,173000,7.99,0
4.25,160,35,4,1779,2.99,1
4.02,53092,3694,1425,47600,11.99,3
4.18,80552,8260,3005,87600,6.99,1
4.38,13984,1073,192,4934,3.99,1
4.05,4281,371,58,,3.99,1
4.02,6659,518,101,4521,2.99,3
4.01,25201,1772,298,13600,7.99,0
4.27,25727,1700,293,12700,9.99,1
4.04,69716,6536,1633,31300,3.99,2
4.28,29771,3162,1211,17100,5.99,1
4.07,6354,675,109,9101,3.99,1
4.59,691487,49865,29200,345000,8.21,1
4.02,40536,3376,546,19300,4.99,3
4.2,34594,2629,796,31300,3.99,1
3.86,116807,12584,3537,178000,8.99,0
4.07,13962,1319,379,9407,5.99,1
3.9,27517,2731,1281,13500,4.99,0
3.62,1299,406,132,990,4.99,0
3.96,13885,2148,757,31600,3.99,0
4.36,226150,22059,,264000,10.99,1
3.8,351662,27411,22700,235000,12.49,0
4.26,142655,20249,2962,108000,7.99,1
4.17,188366,15206,16200,142000,7.99,1
3.58,159659,16765,8307,103000,13.99,0
4.04,100464,15409,3120,176000,13.99,2
3.92,1621,147,117,1922,4.99,0
3.41,175458,15627,6370,125000,9.99,0
4.23,25900,2348,1509,29400,6.99,1
4.33,530553,57035,75700,590000,9.99,1
3.99,39992,6346,1022,58500,9.99,0
4.06,396674,31541,26200,429000,11.99,1
4.21,16506,2258,508,25300,9.99,1
3.56,26776,5441,1020,83200,9.99,0
4.43,60985,8068,1230,29000,9.99,1
4.38,49829,3381,1790,19300,9.99,1
4.06,12788,1076,3825,17900,0.99,1
4.13,77813,5506,4396,73800,11.99,1
3.72,126900,13324,6454,95700,9.99,0
3.93,26995,2989,1957,44200,11.99,0
3.6,91531,12118,4277,78300,13.99,0
3.91,59717,7832,3774,73600,15.49,0
4.47,95603,11547,11400,163000,9.99,1
3.59,292187,22213,22300,251000,11.99,0
3.98,2326,408,85,2795,12.99,0
4.11,44133,5870,1401,58600,9.99,1
3.98,101023,8004,3474,46700,10.99,0
3.69,20709,2613,1437,45700,7.99,0
4.31,158196,12191,8744,73800,11.99,1
3.82,108942,19276,3037,169000,8.99,0
3.82,24454,4079,983,63200,9.99,0
3.51,12120,2795,762,27500,11.99,0
3.83,179672,16278,9628,148000,13.99,0
4.1,196461,26769,13200,343000,13.99,1
4.29,119498,21151,7249,272000,9.99,1
4.1,315436,27789,27700,312000,8.61,1
3.89,555990,49469,20600,459000,9.99,0
3.91,242644,17980,13000,205000,10.49,0
3.86,45832,6492,1399,104000,9.99,0
4.15,63025,11554,1077,94600,11.99,1
3.94,71432,10357,3936,166000,6.09,0
4.5,157484,18985,14000,215000,14.99,1
4.4,44865,3527,1873,16600,8.99,1
4.32,479134,33440,33500,415000,10.99,1
3.77,725358,85322,45700,769000,8.99,0
3.9,74749,10456,,88500,10.99,0
4.01,45552,5073,,41700,5.99,0
4.15,143258,17897,16000,261000,9.17,1
4.32,23667,2294,659,12900,6.99,1
3.97,34070,5132,4023,35400,13.99,0
3.9,64449,11855,1488,81100,12.99,0
3.81,121067,10141,6928,123000,12.99,0
3.69,266446,27022,15900,235000,9.99,0
3.71,246083,20074,9386,17000,11.99,0
4.1,24448,2638,924,19000,4.99,1
4.17,56933,6005,3333,110000,9.99,1
3.89,325241,27586,36500,170000,11.99,0
4.31,26365,2684,2331,19200,9.99,1
3.72,31452,4946,,44500,12.99,0
4.36,13057,1172,768,8656,9.99,1
3.85,29329,4789,3386,33200,11.99,0
4.24,1019828,99187,76600,1000000,11.99,1
4.41,751154,66420,46300,533000,11.99,1
4.47,1490090,106337,89300,1000000,14.99,1
4.39,2916036,200352,172000,50000,12.99,1
4.05,1149641,104054,56100,142000,11.99,1
3.95,767744,59145,39100,596000,12.99,0
4.46,1030605,66785,102000,912000,12.99,1
4.11,220701,30633,19500,384000,11.99,1
3.94,354901,29042,29800,298000,11.99,0
3.9,428428,46507,14200,13600,7.99,0
4.12,234579,19575,18100,262000,13.99,1
4.46,52936,10147,1334,61000,9.99,1
4.07,102708,11852,4932,142000,5.99,1
4.33,111091,12680,6929,140000,11.99,1
4.35,106672,17226,41,6539,11.99,1
3.83,361720,49246,34200,619000,9,0
3.8,74530,10630,1480,67900,10.49,0
3.71,103723,13240,3961,104000,7.99,0
3.83,161584,13459,12400,196000,11.49,0
3.81,1337314,129201,63600,979000,12.99,0
4.28,530779,60854,20000,647000,10.99,1
3.93,217169,16169,66900,294000,16.99,0
4.24,163076,12834,13600,70400,12.99,1
4.2,7836,1409,614,,4.99,1
4.43,60833,9875,2191,78500,9.99,1
4.02,15378,2104,847,13000,4.99,3
3.49,6973,1085,204,11800,9.99,0
3.89,114051,18232,14700,185000,13.99,0
3.43,52971,5245,5634,33800,6.99,0
3.83,161700,19716,5045,5798,12.99,0
3.92,807750,75733,22100,681000,10.99,0
3.94,190535,16547,15600,243000,13.99,0
3.9,201517,24895,7426,281000,9.99,0
4.03,291996,42978,33300,678000,12.99,2
4.41,96138,10360,11200,114000,15.99,1
4.09,4299,893,648,8863,2.99,1
4.19,186988,24884,7402,207000,9.99,1
4.03,134029,20880,13100,287000,9.99,2
4.16,32362,5797,694,24000,11.99,1
4.22,211326,23482,30600,176000,8.63,1
3.86,140285,13492,5504,189000,11.99,0
4.51,22283,2014,2142,5744,5.99,1
4.18,83844,13792,2320,123000,13.99,1
4.17,25347,4121,2508,42600,9.99,1
4.02,287417,23255,28700,476000,12.99,3
3.93,191611,38262,17900,358000,12.99,0
3.45,27467,5844,9727,139000,12.99,0
4.18,616566,75509,52500,601000,12.99,1
4.22,75246,10168,5909,161000,13.99,1
4.22,128233,22634,17900,250000,9.99,1
4.28,413833,34149,43000,310000,12.99,1
4.47,57143,5089,7169,86800,12.99,1
3.85,88397,8223,18600,97500,13.99,0
3.81,100243,15166,4358,117000,13.99,0
4.52,157141,13942,12600,263000,7.99,1
4.19,10563,1515,878,8378,13.99,1
4.03,81512,14569,545,105000,11.99,2
3.65,37285,3913,5091,61100,12.49,0
3.99,6838,1064,662,29500,14.99,0
3.88,27565,3664,2497,52900,9.99,0
4.28,60066,6857,7779,98800,11.99,1
4.71,192990,26631,14800,311000,11.99,1
3.85,52462,6649,4839,92700,9.99,0
3.83,20852,3758,369,37000,4.99,0
3.85,16931,2057,1964,39700,9.99,0
3.88,67645,11336,9490,172000,9.99,0
4.24,121408,15073,14600,170000,12.99,1
4.16,120344,11949,16300,161000,12.99,1
3.92,219754,20395,10100,234000,8.99,0
4.43,31279,2741,2620,15000,8.99,1
4.39,17599,1334,2551,3629,3.99,1
3.74,46509,7096,3809,120000,9.99,0
4.34,221998,19636,70000,400000,17.99,1
3.9,63901,9654,3633,82300,7.67,0
4.58,419895,35329,3552,109000,9.99,1
3.76,79407,8483,4130,82500,9.99,0
4.51,536572,66600,36300,16700,12.99,1
4.3,641955,59862,44900,435000,11.99,1
4.05,988388,92080,42600,900000,12.99,1
4.47,940938,84645,67500,473000,8.21,1
4.16,1331970,142593,40300,1000000,13.99,1
3.89,1089785,102559,48300,1000000,9.99,0
4.45,241473,21637,18900,276000,15.99,1
3.75,325859,36718,25400,366000,13.99,0
3.75,356309,36911,15300,411000,14.49,0
4.06,326061,37434,13600,376000,12.99,1
3.84,914504,60499,42600,21600,13.99,0
4.31,5337,590,2561,21000,14.99,1
4.26,206638,28035,37900,335000,13.99,1
4.13,52643,8508,2229,64900,9.99,1
4.38,2809,468,794,8586,13.99,1
3.96,111173,15462,2290,167000,12.99,0
4.51,20792,2234,1091,9470,8.99,1
4.15,396673,34095,13200,376000,14.99,1
3.82,311906,22735,21400,298000,9.99,0
3.7,85497,12493,2527,157000,9.99,0
4.02,39500,6089,1333,77700,13.99,3
3.97,520428,49836,16400,543000,13.99,0
3.95,75663,9349,4892,148000,7.99,0
3.55,75930,9490,2261,43,13.99,0
3.98,49651,9656,1365,97600,8.99,0
4.18,80230,15628,3573,197000,9.99,1
3.72,26319,4313,1901,60600,18.99,0
4.26,67837,6627,3657,111000,12.99,1
4.31,100221,12923,4712,192000,11.99,1
3.83,113096,15803,8392,114000,12.99,0
4.39,209181,18936,10400,112000,12.99,1
3.97,2391,592,121,8710,9.99,0
3.7,295,51,10,1747,3.99,0
3.72,89210,16230,4022,167000,12.99,0
3.85,55024,6272,3824,99500,13.99,0
4.25,37901,5481,7148,181000,9.99,1
3.39,12193,1874,613,35800,13.99,0
4.56,31241,2999,487,51800,9.99,1
4.34,39037,4021,5872,44000,9.99,1
4.03,145024,18251,9661,309000,11.99,2
4.13,214454,16743,8602,186000,13.99,1
3.78,508425,49558,29400,639000,14.99,0
4.53,388089,50917,48100,407000,8.21,1
4.19,764641,94471,71800,1000000,13.99,1
4.09,220731,26728,11100,421000,11.99,1
4.41,466673,57694,39700,555000,18.99,1
4.22,476751,61081,20600,502000,12.99,1
4.21,192938,37490,41700,568000,15.49,1
4.22,489718,47868,13400,483000,10.99,1
3.93,413983,53394,13200,450000,9.99,0
4.31,213366,26225,6042,311000,10.99,1
3.94,328085,30640,8088,288000,13.99,0
4.12,77999,14022,8067,345000,10.99,1
3.67,490701,41520,27900,539000,14.99,0
4.54,172655,32059,6323,250000,11.99,1
3.72,107562,19275,4581,212000,10.99,0
4.41,65509,10082,2426,113000,8.99,1
4.13,60472,11889,3875,3310,11.99,1
3.79,108279,12445,,205000,13.99,0
4.14,266921,30942,14100,251000,10.99,1
3.67,107532,12925,4468,147000,9.99,0
4.08,173161,15881,14100,192000,7.99,1
4.01,177065,21412,14000,219000,14.99,0
3.84,25348,5277,2568,117000,11.99,0
4.12,218822,26296,36200,270000,14.99,1
3.91,56310,9959,2884,171000,9.99,0
4.04,92877,9640,4050,169000,9.99,2
3.98,87088,9255,3833,112000,8.54,0
3.57,36114,4840,1155,58300,10.99,0
3.88,95442,11515,6377,129000,12.99,0
3.87,13620,2172,1282,29900,11.99,0
4.39,153274,12995,8655,119000,12.99,1
4.13,115785,13904,3390,130000,13.99,1
4.02,9175,1365,318,29200,13.99,3
3.8,126716,13181,8069,203000,11.99,0
4.34,50145,9003,4120,9150,10.99,1
4.37,694599,85998,118000,424000,14.99,1
4.01,86232,15627,,43000,12.99,0
4.13,116599,23222,5205,195000,11.99,1
4.45,98145,15213,10300,212000,9.99,1
4.07,62201,12492,7197,258000,12.99,1
4.2,248890,23665,31600,397000,12.99,1
4.33,199744,27722,6928,295000,11.99,1
4.38,66343,7020,8198,163000,14.99,1
3.96,51801,9946,5317,187000,14.99,0
3.71,89153,15870,6139,190000,12.99,0
3.87,336894,37769,52700,227000,17.99,0
4.39,27016,4913,8078,218000,9.99,1
4.09,182165,22727,32400,324000,15.99,1
3.68,156723,20684,12100,217000,13.99,0
3.3,99333,11903,5449,164000,10.99,0
4.54,84076,11600,2929,104000,9.99,1
3.97,158732,13621,12200,206000,14.99,0
4.32,49505,6344,5393,113000,2.99,1
4.26,63931,5778,4674,170000,11.99,1
3.44,54628,9400,2053,88200,12.99,0
3.7,49941,8331,5511,135000,12.99,0
4.04,33904,4726,2981,126000,6.99,2
4.63,41,33,6,129,4.99,1
4.34,11836,2254,246,16200,12.99,1
4.5,39096,5693,4029,52900,9.99,1
3.8,13163,2138,1314,107000,14.99,0
4.72,10851,1189,625,2930,5.99,1
3.93,27610,4151,2684,105000,12.99,0
4.53,13757,1348,675,5004,4.99,1
4.05,43405,7847,4509,110000,10.99,1
3.84,54016,5056,6272,85800,1.99,0
3.63,92277,11634,8705,197000,13.99,0
4.23,75313,7984,16200,184000,14.99,1
3.71,28725,5293,1179,92800,13.99,0
4.04,28296,3328,3550,92100,13.99,2
3.73,22032,4214,1354,94100,12.99,0
3.71,18607,4781,1129,108000,12.99,0
4.38,56960,10700,7060,78000,10.99,1
3.53,14873,3933,1962,108000,12.99,0
4.04,97887,14501,4234,218000,11.99,2
4.04,111748,20679,8046,277000,8.99,2
3.94,25114,3759,3287,86000,13.99,0
4.48,123166,14066,45100,294000,9.24,1
4.22,4840,795,289,8533,9.99,1
4.09,1316,456,106,7875,14.99,1
3.96,317332,36853,28300,217000,16.99,0
4.45,1295,415,283,7175,6.99,1
3.88,52184,8456,5924,173000,14.99,0
3.89,30119,7408,3103,175000,2.99,0
4.4,39085,7071,2402,28800,3.99,1
3.89,46650,5282,3184,78000,9.99,0
4.09,35815,3767,5257,80200,7.99,1
4.06,17587,3574,551,39400,11.99,1
3.67,19039,2658,803,42100,14.99,0
3.89,20992,3479,4033,84900,12.99,0
4.24,26566,3479,3609,36600,11.99,1
3.84,14991,3523,4485,149000,14.99,0
4.3,28248,4007,6021,133000,13.99,1